<?xml version="1.0" encoding="UTF-8"?>
<GenRun Id="impl_1" LaunchPart="xc7a35tcsg324-2" LaunchTime="1735347778">
  <File Type="PA-TCL" Name="OLED_Top.tcl"/>
  <File Type="BITSTR-BMM" Name="OLED_Top_bd.bmm"/>
  <File Type="REPORTS-TCL" Name="OLED_Top_reports.tcl"/>
  <File Type="OPT-DCP" Name="OLED_Top_opt.dcp"/>
  <File Type="OPT-HWDEF" Name="OLED_Top.hwdef"/>
  <File Type="BG-BGN" Name="OLED_Top.bgn"/>
  <File Type="PWROPT-DCP" Name="OLED_Top_pwropt.dcp"/>
  <File Type="PLACE-DCP" Name="OLED_Top_placed.dcp"/>
  <File Type="PLACE-PRE-SIMILARITY" Name="OLED_Top_incremental_reuse_pre_placed.rpt"/>
  <File Type="POSTPLACE-PWROPT-DCP" Name="OLED_Top_postplace_pwropt.dcp"/>
  <File Type="BG-BIN" Name="OLED_Top.bin"/>
  <File Type="PHYSOPT-DCP" Name="OLED_Top_physopt.dcp"/>
  <File Type="BITSTR-MSK" Name="OLED_Top.msk"/>
  <File Type="ROUTE-ERROR-DCP" Name="OLED_Top_routed_error.dcp"/>
  <File Type="ROUTE-DCP" Name="OLED_Top_routed.dcp"/>
  <File Type="ROUTE-BLACKBOX-DCP" Name="OLED_Top_routed_bb.dcp"/>
  <File Type="BITSTR-LTX" Name="OLED_Top.ltx"/>
  <File Type="BITSTR-MMI" Name="OLED_Top.mmi"/>
  <File Type="BITSTR-SYSDEF" Name="OLED_Top.sysdef"/>
  <File Type="ROUTE-TIMING-PB" Name="OLED_Top_timing_summary_routed.pb"/>
  <File Type="RDI-RDI" Name="OLED_Top.vdi"/>
  <File Type="POSTROUTE-PHYSOPT-DCP" Name="OLED_Top_postroute_physopt.dcp"/>
  <File Type="POSTROUTE-PHYSOPT-BLACKBOX-DCP" Name="OLED_Top_postroute_physopt_bb.dcp"/>
  <File Type="BG-BIT" Name="OLED_Top.bit"/>
  <File Type="BITSTR-RBT" Name="OLED_Top.rbt"/>
  <File Type="BITSTR-NKY" Name="OLED_Top.nky"/>
  <File Type="BG-DRC" Name="OLED_Top.drc"/>
  <File Type="WBT-USG" Name="usage_statistics_webtalk.html"/>
  <FileSet Name="sources" Type="DesignSrcs" RelSrcDir="$PSRCDIR/sources_1">
    <Filter Type="Srcs"/>
    <File Path="$PSRCDIR/sources_1/new/OLED_FontData.v">
      <FileInfo>
        <Attr Name="ImportPath" Val="$PPRDIR/../iic_oled/iic_oled/iic_oled.srcs/sources_1/new/OLED_FontData.v"/>
        <Attr Name="ImportTime" Val="1735040366"/>
        <Attr Name="UsedIn" Val="synthesis"/>
        <Attr Name="UsedIn" Val="implementation"/>
        <Attr Name="UsedIn" Val="simulation"/>
      </FileInfo>
    </File>
    <File Path="$PSRCDIR/sources_1/new/OLED_Init.v">
      <FileInfo>
        <Attr Name="ImportPath" Val="$PPRDIR/../iic_oled/iic_oled/iic_oled.srcs/sources_1/new/OLED_Init.v"/>
        <Attr Name="ImportTime" Val="1734917900"/>
        <Attr Name="UsedIn" Val="synthesis"/>
        <Attr Name="UsedIn" Val="implementation"/>
        <Attr Name="UsedIn" Val="simulation"/>
      </FileInfo>
    </File>
    <File Path="$PSRCDIR/sources_1/new/OLED_Refresh.v">
      <FileInfo>
        <Attr Name="ImportPath" Val="$PPRDIR/../iic_oled/iic_oled/iic_oled.srcs/sources_1/new/OLED_Refresh.v"/>
        <Attr Name="ImportTime" Val="1734917794"/>
        <Attr Name="UsedIn" Val="synthesis"/>
        <Attr Name="UsedIn" Val="implementation"/>
        <Attr Name="UsedIn" Val="simulation"/>
      </FileInfo>
    </File>
    <File Path="$PSRCDIR/sources_1/new/OLED_SelData.v">
      <FileInfo>
        <Attr Name="ImportPath" Val="$PPRDIR/../iic_oled/iic_oled/iic_oled.srcs/sources_1/new/OLED_SelData.v"/>
        <Attr Name="ImportTime" Val="1734510628"/>
        <Attr Name="UsedIn" Val="synthesis"/>
        <Attr Name="UsedIn" Val="implementation"/>
        <Attr Name="UsedIn" Val="simulation"/>
      </FileInfo>
    </File>
    <File Path="$PSRCDIR/sources_1/new/OLED_ShowFont.v">
      <FileInfo>
        <Attr Name="ImportPath" Val="$PPRDIR/../iic_oled/iic_oled/iic_oled.srcs/sources_1/new/OLED_ShowFont.v"/>
        <Attr Name="ImportTime" Val="1735040830"/>
        <Attr Name="UsedIn" Val="synthesis"/>
        <Attr Name="UsedIn" Val="implementation"/>
        <Attr Name="UsedIn" Val="simulation"/>
      </FileInfo>
    </File>
    <File Path="$PSRCDIR/sources_1/new/iic.v">
      <FileInfo>
        <Attr Name="ImportPath" Val="$PPRDIR/../iic_oled/iic_oled/iic_oled.srcs/sources_1/new/iic.v"/>
        <Attr Name="ImportTime" Val="1734708046"/>
        <Attr Name="UsedIn" Val="synthesis"/>
        <Attr Name="UsedIn" Val="implementation"/>
        <Attr Name="UsedIn" Val="simulation"/>
      </FileInfo>
    </File>
    <File Path="$PSRCDIR/sources_1/new/OLED_Top.v">
      <FileInfo>
        <Attr Name="ImportPath" Val="$PPRDIR/../iic_oled/iic_oled/iic_oled.srcs/sources_1/new/OLED_Top.v"/>
        <Attr Name="ImportTime" Val="1735026006"/>
        <Attr Name="UsedIn" Val="synthesis"/>
        <Attr Name="UsedIn" Val="implementation"/>
        <Attr Name="UsedIn" Val="simulation"/>
      </FileInfo>
    </File>
    <Config>
      <Option Name="DesignMode" Val="RTL"/>
      <Option Name="TopModule" Val="OLED_Top"/>
    </Config>
  </FileSet>
  <FileSet Name="constrs_in" Type="Constrs" RelSrcDir="$PSRCDIR/constrs_1">
    <Filter Type="Constrs"/>
    <File Path="$PSRCDIR/constrs_1/new/OLED.xdc">
      <FileInfo>
        <Attr Name="ImportPath" Val="$PPRDIR/../iic_oled/iic_oled/iic_oled.srcs/constrs_1/new/OLED.xdc"/>
        <Attr Name="ImportTime" Val="1734347706"/>
        <Attr Name="UsedIn" Val="synthesis"/>
        <Attr Name="UsedIn" Val="implementation"/>
      </FileInfo>
    </File>
    <Config>
      <Option Name="TargetConstrsFile" Val="$PSRCDIR/constrs_1/new/OLED.xdc"/>
      <Option Name="ConstrsType" Val="XDC"/>
    </Config>
  </FileSet>
  <FileSet Name="utils" Type="Utils" RelSrcDir="$PSRCDIR/utils_1">
    <Filter Type="Utils"/>
    <Config>
      <Option Name="TopAutoSet" Val="TRUE"/>
    </Config>
  </FileSet>
  <Strategy Version="1" Minor="2">
    <StratHandle Name="Vivado Implementation Defaults" Flow="Vivado Implementation 2018"/>
    <Step Id="init_design"/>
    <Step Id="opt_design"/>
    <Step Id="power_opt_design"/>
    <Step Id="place_design"/>
    <Step Id="post_place_power_opt_design"/>
    <Step Id="phys_opt_design"/>
    <Step Id="route_design"/>
    <Step Id="post_route_phys_opt_design"/>
    <Step Id="write_bitstream"/>
  </Strategy>
</GenRun>
