<?xml version="1.0" encoding="UTF-8"?>
<GenRun Id="synth_1" LaunchPart="xc7a35tcsg324-2" LaunchTime="1735347778">
  <File Type="PA-TCL" Name="OLED_Top.tcl"/>
  <File Type="REPORTS-TCL" Name="OLED_Top_reports.tcl"/>
  <File Type="RDS-RDS" Name="OLED_Top.vds"/>
  <File Type="RDS-DCP" Name="OLED_Top.dcp"/>
  <FileSet Name="sources" Type="DesignSrcs" RelSrcDir="$PSRCDIR/sources_1">
    <Filter Type="Srcs"/>
    <File Path="$PSRCDIR/sources_1/new/OLED_FontData.v">
      <FileInfo>
        <Attr Name="ImportPath" Val="$PPRDIR/../iic_oled/iic_oled/iic_oled.srcs/sources_1/new/OLED_FontData.v"/>
        <Attr Name="ImportTime" Val="1735040366"/>
        <Attr Name="UsedIn" Val="synthesis"/>
        <Attr Name="UsedIn" Val="implementation"/>
        <Attr Name="UsedIn" Val="simulation"/>
      </FileInfo>
    </File>
    <File Path="$PSRCDIR/sources_1/new/OLED_Init.v">
      <FileInfo>
        <Attr Name="ImportPath" Val="$PPRDIR/../iic_oled/iic_oled/iic_oled.srcs/sources_1/new/OLED_Init.v"/>
        <Attr Name="ImportTime" Val="1734917900"/>
        <Attr Name="UsedIn" Val="synthesis"/>
        <Attr Name="UsedIn" Val="implementation"/>
        <Attr Name="UsedIn" Val="simulation"/>
      </FileInfo>
    </File>
    <File Path="$PSRCDIR/sources_1/new/OLED_Refresh.v">
      <FileInfo>
        <Attr Name="ImportPath" Val="$PPRDIR/../iic_oled/iic_oled/iic_oled.srcs/sources_1/new/OLED_Refresh.v"/>
        <Attr Name="ImportTime" Val="1734917794"/>
        <Attr Name="UsedIn" Val="synthesis"/>
        <Attr Name="UsedIn" Val="implementation"/>
        <Attr Name="UsedIn" Val="simulation"/>
      </FileInfo>
    </File>
    <File Path="$PSRCDIR/sources_1/new/OLED_SelData.v">
      <FileInfo>
        <Attr Name="ImportPath" Val="$PPRDIR/../iic_oled/iic_oled/iic_oled.srcs/sources_1/new/OLED_SelData.v"/>
        <Attr Name="ImportTime" Val="1734510628"/>
        <Attr Name="UsedIn" Val="synthesis"/>
        <Attr Name="UsedIn" Val="implementation"/>
        <Attr Name="UsedIn" Val="simulation"/>
      </FileInfo>
    </File>
    <File Path="$PSRCDIR/sources_1/new/OLED_ShowFont.v">
      <FileInfo>
        <Attr Name="ImportPath" Val="$PPRDIR/../iic_oled/iic_oled/iic_oled.srcs/sources_1/new/OLED_ShowFont.v"/>
        <Attr Name="ImportTime" Val="1735040830"/>
        <Attr Name="UsedIn" Val="synthesis"/>
        <Attr Name="UsedIn" Val="implementation"/>
        <Attr Name="UsedIn" Val="simulation"/>
      </FileInfo>
    </File>
    <File Path="$PSRCDIR/sources_1/new/iic.v">
      <FileInfo>
        <Attr Name="ImportPath" Val="$PPRDIR/../iic_oled/iic_oled/iic_oled.srcs/sources_1/new/iic.v"/>
        <Attr Name="ImportTime" Val="1734708046"/>
        <Attr Name="UsedIn" Val="synthesis"/>
        <Attr Name="UsedIn" Val="implementation"/>
        <Attr Name="UsedIn" Val="simulation"/>
      </FileInfo>
    </File>
    <File Path="$PSRCDIR/sources_1/new/OLED_Top.v">
      <FileInfo>
        <Attr Name="ImportPath" Val="$PPRDIR/../iic_oled/iic_oled/iic_oled.srcs/sources_1/new/OLED_Top.v"/>
        <Attr Name="ImportTime" Val="1735026006"/>
        <Attr Name="UsedIn" Val="synthesis"/>
        <Attr Name="UsedIn" Val="implementation"/>
        <Attr Name="UsedIn" Val="simulation"/>
      </FileInfo>
    </File>
    <Config>
      <Option Name="DesignMode" Val="RTL"/>
      <Option Name="TopModule" Val="OLED_Top"/>
    </Config>
  </FileSet>
  <FileSet Name="constrs_in" Type="Constrs" RelSrcDir="$PSRCDIR/constrs_1">
    <Filter Type="Constrs"/>
    <File Path="$PSRCDIR/constrs_1/new/OLED.xdc">
      <FileInfo>
        <Attr Name="ImportPath" Val="$PPRDIR/../iic_oled/iic_oled/iic_oled.srcs/constrs_1/new/OLED.xdc"/>
        <Attr Name="ImportTime" Val="1734347706"/>
        <Attr Name="UsedIn" Val="synthesis"/>
        <Attr Name="UsedIn" Val="implementation"/>
      </FileInfo>
    </File>
    <Config>
      <Option Name="TargetConstrsFile" Val="$PSRCDIR/constrs_1/new/OLED.xdc"/>
      <Option Name="ConstrsType" Val="XDC"/>
    </Config>
  </FileSet>
  <FileSet Name="utils" Type="Utils" RelSrcDir="$PSRCDIR/utils_1">
    <Filter Type="Utils"/>
    <Config>
      <Option Name="TopAutoSet" Val="TRUE"/>
    </Config>
  </FileSet>
  <Strategy Version="1" Minor="2">
    <StratHandle Name="Vivado Synthesis Defaults" Flow="Vivado Synthesis 2018"/>
    <Step Id="synth_design"/>
  </Strategy>
</GenRun>
